{
    "accuracy": 0.72,
    "precision": 0.7457627118644068,
    "recall": 0.6875,
    "auc": 0.7838114754098361
}